{
    "ACC": 0.5,
    "BACC": 0.5,
    "F1": 0.6666666666666666,
    "FM": 0.7071067811865476,
    "FN": 0.0,
    "FNR": 0.0,
    "FOR": NaN,
    "FP": 2.0,
    "FPR": 0.5,
    "MCC": NaN,
    "N": 2.0,
    "NPV": NaN,
    "P": 2.0,
    "PPCR": 1.0,
    "PPV": 0.5,
    "TN": 0.0,
    "TNR": 0.0,
    "TP": 2.0,
    "TPR": 1.0,
    "TS": 0.5
}