{
    "ACC": 0.375,
    "BACC": 0.375,
    "F1": 0.5454545454545454,
    "FM": 0.5669467095138409,
    "FN": 1.0,
    "FNR": 0.25,
    "FOR": 1.0,
    "FP": 4.0,
    "FPR": 0.5714285714285714,
    "MCC": -0.3779644730092272,
    "N": 4.0,
    "NPV": 0.0,
    "P": 4.0,
    "PPCR": 0.875,
    "PPV": 0.42857142857142855,
    "TN": 0.0,
    "TNR": 0.0,
    "TP": 3.0,
    "TPR": 0.75,
    "TS": 0.375
}