{
    "activation_functions": [
        "relu",
        "prelu",
        "isru",
        "sigmoid"
    ],
    "batches": "false",
    "bias": [
        [
            0.1615130052,
            0.0091673061,
            -0.0239030252,
            0.3145716544,
            0.0087645735,
            0.0883224077,
            -0.2955458086,
            0.1252593079
        ],
        [
            -0.0160573927,
            -0.0874923757,
            0.2046232428,
            0.1466715216,
            0.1064622712,
            -0.2636870956,
            0.0484130115,
            0.2331028773,
            -0.0238965134,
            -0.1424727308,
            -0.2289773981,
            0.0182235128,
            0.333886317
        ],
        [
            0.1554270953,
            0.2298587213,
            0.1924928071,
            -0.1973327273,
            0.117347811,
            -0.238213798,
            0.0971862538,
            0.0086064351,
            0.1320885963,
            0.1640323267,
            -0.1985311083,
            0.0888412047,
            -0.0602513159,
            -0.2226700188
        ],
        [
            -0.1081394792,
            0.1940989269
        ]
    ],
    "cost": "Log",
    "gradient_descent": "Adam",
    "gradient_descent_options": {
        "beta_1": 0.9,
        "beta_2": 0.999,
        "eps": 1e-08
    },
    "hidden_layers": [
        8,
        13,
        14
    ],
    "iterations": 40000,
    "learning_rate": 0.001,
    "seed": 666,
    "weights": [
        [
            [
                0.6079193166,
                0.3098911348,
                0.6611579704,
                0.88372996,
                -0.2388002475,
                -0.3151430635,
                -0.2709880109,
                -0.8297056531
            ],
            [
                0.6316312946,
                -0.419582416,
                0.2966496069,
                -0.6199139356,
                0.5802996069,
                -0.5854503813,
                -0.5095096957,
                -0.0382300619
            ],
            [
                -1.0736223532,
                -0.6886632808,
                -1.5857358804,
                -0.1538723046,
                -0.9570563344,
                0.8382541853,
                -0.0048139239,
                0.7858276624
            ],
            [
                -0.2353183238,
                1.1588853826,
                1.256813095,
                -0.4674409625,
                -0.2391528684,
                -0.4632170062,
                -0.8392257733,
                0.8684897894
            ]
        ],
        [
            [
                0.3801017334,
                0.1468488067,
                0.3725065385,
                0.459705384,
                -0.6939992,
                -0.0447839315,
                0.2508043348,
                -0.3643404368,
                0.6403358621,
                -0.5282571677,
                0.3915129871,
                -0.4708713138,
                0.7822072564
            ],
            [
                -0.3974483421,
                -0.4001313802,
                0.1620830431,
                -0.5570273903,
                0.1032696085,
                -0.6565534921,
                -0.1150102254,
                -0.6817407229,
                0.1286455717,
                0.507049438,
                0.6395649274,
                0.1268498027,
                0.4007639484
            ],
            [
                1.2035951999,
                -0.1701504565,
                -0.7450956771,
                -0.4252039099,
                -0.1955736773,
                0.0429833859,
                0.3539074744,
                -0.0875269323,
                0.5311512802,
                0.2043186883,
                -0.4851521882,
                -0.6758471939,
                0.8260891533
            ],
            [
                0.3878596313,
                -0.1759588877,
                0.8900249607,
                -0.2689732283,
                -0.2680141346,
                -0.9516450191,
                -0.6643086402,
                0.0356536635,
                -0.2410863336,
                -0.545337123,
                0.5304142049,
                0.0296814341,
                0.8218367121
            ],
            [
                -0.3125502334,
                -0.1588771693,
                0.8585378339,
                0.9572681614,
                0.1091910579,
                -0.4870393092,
                -1.3505843062,
                -0.2761261661,
                -1.4518947305,
                1.7661748891,
                -0.0364024907,
                -0.3075309665,
                0.2199370334
            ],
            [
                -0.0108791002,
                -0.7333615672,
                0.2576219143,
                0.3761651746,
                0.8919342286,
                0.3513163867,
                -0.0837463629,
                -0.1784688913,
                -0.0325159102,
                -0.5736004474,
                0.9089033865,
                0.4211091885,
                -0.4170790949
            ],
            [
                0.586975267,
                0.3394996559,
                -0.6412107612,
                -0.1304515022,
                0.1701826807,
                0.6990283992,
                -0.5972706244,
                -0.7045244006,
                -0.7044478021,
                -0.3562500015,
                -1.2305287199,
                -0.1188370246,
                -0.7741729682
            ],
            [
                -0.3683653568,
                0.2996896245,
                -0.5680107494,
                -0.4945368636,
                0.6560081929,
                0.1921912342,
                -0.1674943408,
                0.8626406783,
                1.1176247174,
                0.5984069132,
                0.3112077703,
                -0.4094155836,
                1.3352800464
            ]
        ],
        [
            [
                0.7465762254,
                0.4771463419,
                0.9039608881,
                0.0413724015,
                -0.6571194379,
                -0.4430959763,
                -0.3671963936,
                -0.8357898643,
                0.6256264091,
                -0.0137408338,
                0.6617881041,
                -0.0485800723,
                0.8465296199,
                -0.7181639549
            ],
            [
                -0.2940445755,
                -0.4750647028,
                -0.3047990107,
                -0.2053629754,
                -0.9641737543,
                -0.0462932386,
                -1.0247072555,
                0.3368895941,
                0.3705358797,
                0.6167598059,
                0.2978706731,
                0.7070042648,
                0.8004288711,
                -0.4446853959
            ],
            [
                -0.5218760212,
                -0.2872615609,
                -0.7128197835,
                0.6953317405,
                0.3646251016,
                -0.0136254991,
                0.5118373022,
                0.2506438331,
                -0.6688578551,
                -0.7587646659,
                0.0472995984,
                -0.320512719,
                -0.5012092288,
                0.8980727405
            ],
            [
                -0.3434526957,
                -0.2775876596,
                -0.8341809176,
                -0.2785520491,
                0.4563439592,
                0.4908006729,
                0.160253526,
                1.0681453819,
                -0.4605987217,
